<?xml version="1.0" encoding="UTF-8"?>
<depth_maps version="1.5.0">
  <depth_map camera_id="0" level="0" path="0/d0.exr">
    <calibration type="frame">
      <resolution width="640" height="512"/>
      <f>249.77472205382799</f>
      <cx>9.0630527458282586</cx>
      <cy>-7.2811845239802437</cy>
    </calibration>
  </depth_map>
  <depth_map camera_id="0" level="1" path="1/d0.exr">
    <calibration type="frame">
      <resolution width="320" height="256"/>
      <f>124.88736102691399</f>
      <cx>4.5315263729141293</cx>
      <cy>-3.6405922619901219</cy>
    </calibration>
  </depth_map>
  <depth_map camera_id="0" level="2" path="2/d0.exr">
    <calibration type="frame">
      <resolution width="160" height="128"/>
      <f>62.443680513456997</f>
      <cx>2.2657631864570646</cx>
      <cy>-1.8202961309950609</cy>
    </calibration>
  </depth_map>
  <depth_map camera_id="1" level="0" path="0/d1.exr">
    <calibration type="frame">
      <resolution width="640" height="512"/>
      <f>249.77472205382799</f>
      <cx>9.0630527458282586</cx>
      <cy>-7.2811845239802437</cy>
    </calibration>
  </depth_map>
  <depth_map camera_id="1" level="1" path="1/d1.exr">
    <calibration type="frame">
      <resolution width="320" height="256"/>
      <f>124.88736102691399</f>
      <cx>4.5315263729141293</cx>
      <cy>-3.6405922619901219</cy>
    </calibration>
  </depth_map>
  <depth_map camera_id="1" level="2" path="2/d1.exr">
    <calibration type="frame">
      <resolution width="160" height="128"/>
      <f>62.443680513456997</f>
      <cx>2.2657631864570646</cx>
      <cy>-1.8202961309950609</cy>
    </calibration>
  </depth_map>
  <depth_map camera_id="2" level="0" path="0/d2.exr">
    <calibration type="frame">
      <resolution width="640" height="512"/>
      <f>249.77472205382799</f>
      <cx>9.0630527458282586</cx>
      <cy>-7.2811845239802437</cy>
    </calibration>
  </depth_map>
  <depth_map camera_id="2" level="1" path="1/d2.exr">
    <calibration type="frame">
      <resolution width="320" height="256"/>
      <f>124.88736102691399</f>
      <cx>4.5315263729141293</cx>
      <cy>-3.6405922619901219</cy>
    </calibration>
  </depth_map>
  <depth_map camera_id="2" level="2" path="2/d2.exr">
    <calibration type="frame">
      <resolution width="160" height="128"/>
      <f>62.443680513456997</f>
      <cx>2.2657631864570646</cx>
      <cy>-1.8202961309950609</cy>
    </calibration>
  </depth_map>
  <depth_map camera_id="3" level="0" path="0/d3.exr">
    <calibration type="frame">
      <resolution width="640" height="512"/>
      <f>249.77472205382799</f>
      <cx>9.0630527458282586</cx>
      <cy>-7.2811845239802437</cy>
    </calibration>
  </depth_map>
  <depth_map camera_id="3" level="1" path="1/d3.exr">
    <calibration type="frame">
      <resolution width="320" height="256"/>
      <f>124.88736102691399</f>
      <cx>4.5315263729141293</cx>
      <cy>-3.6405922619901219</cy>
    </calibration>
  </depth_map>
  <depth_map camera_id="3" level="2" path="2/d3.exr">
    <calibration type="frame">
      <resolution width="160" height="128"/>
      <f>62.443680513456997</f>
      <cx>2.2657631864570646</cx>
      <cy>-1.8202961309950609</cy>
    </calibration>
  </depth_map>
  <depth_map camera_id="4" level="0" path="0/d4.exr">
    <calibration type="frame">
      <resolution width="640" height="512"/>
      <f>249.77472205382799</f>
      <cx>9.0630527458282586</cx>
      <cy>-7.2811845239802437</cy>
    </calibration>
  </depth_map>
  <depth_map camera_id="4" level="1" path="1/d4.exr">
    <calibration type="frame">
      <resolution width="320" height="256"/>
      <f>124.88736102691399</f>
      <cx>4.5315263729141293</cx>
      <cy>-3.6405922619901219</cy>
    </calibration>
  </depth_map>
  <depth_map camera_id="4" level="2" path="2/d4.exr">
    <calibration type="frame">
      <resolution width="160" height="128"/>
      <f>62.443680513456997</f>
      <cx>2.2657631864570646</cx>
      <cy>-1.8202961309950609</cy>
    </calibration>
  </depth_map>
  <depth_map camera_id="5" level="0" path="0/d5.exr">
    <calibration type="frame">
      <resolution width="640" height="512"/>
      <f>249.77472205382799</f>
      <cx>9.0630527458282586</cx>
      <cy>-7.2811845239802437</cy>
    </calibration>
  </depth_map>
  <depth_map camera_id="5" level="1" path="1/d5.exr">
    <calibration type="frame">
      <resolution width="320" height="256"/>
      <f>124.88736102691399</f>
      <cx>4.5315263729141293</cx>
      <cy>-3.6405922619901219</cy>
    </calibration>
  </depth_map>
  <depth_map camera_id="5" level="2" path="2/d5.exr">
    <calibration type="frame">
      <resolution width="160" height="128"/>
      <f>62.443680513456997</f>
      <cx>2.2657631864570646</cx>
      <cy>-1.8202961309950609</cy>
    </calibration>
  </depth_map>
  <depth_map camera_id="6" level="0" path="0/d6.exr">
    <calibration type="frame">
      <resolution width="640" height="512"/>
      <f>249.77472205382799</f>
      <cx>9.0630527458282586</cx>
      <cy>-7.2811845239802437</cy>
    </calibration>
  </depth_map>
  <depth_map camera_id="6" level="1" path="1/d6.exr">
    <calibration type="frame">
      <resolution width="320" height="256"/>
      <f>124.88736102691399</f>
      <cx>4.5315263729141293</cx>
      <cy>-3.6405922619901219</cy>
    </calibration>
  </depth_map>
  <depth_map camera_id="6" level="2" path="2/d6.exr">
    <calibration type="frame">
      <resolution width="160" height="128"/>
      <f>62.443680513456997</f>
      <cx>2.2657631864570646</cx>
      <cy>-1.8202961309950609</cy>
    </calibration>
  </depth_map>
  <depth_map camera_id="7" level="0" path="0/d7.exr">
    <calibration type="frame">
      <resolution width="640" height="512"/>
      <f>249.77472205382799</f>
      <cx>9.0630527458282586</cx>
      <cy>-7.2811845239802437</cy>
    </calibration>
  </depth_map>
  <depth_map camera_id="7" level="1" path="1/d7.exr">
    <calibration type="frame">
      <resolution width="320" height="256"/>
      <f>124.88736102691399</f>
      <cx>4.5315263729141293</cx>
      <cy>-3.6405922619901219</cy>
    </calibration>
  </depth_map>
  <depth_map camera_id="7" level="2" path="2/d7.exr">
    <calibration type="frame">
      <resolution width="160" height="128"/>
      <f>62.443680513456997</f>
      <cx>2.2657631864570646</cx>
      <cy>-1.8202961309950609</cy>
    </calibration>
  </depth_map>
  <depth_map camera_id="8" level="0" path="0/d8.exr">
    <calibration type="frame">
      <resolution width="640" height="512"/>
      <f>249.77472205382799</f>
      <cx>9.0630527458282586</cx>
      <cy>-7.2811845239802437</cy>
    </calibration>
  </depth_map>
  <depth_map camera_id="8" level="1" path="1/d8.exr">
    <calibration type="frame">
      <resolution width="320" height="256"/>
      <f>124.88736102691399</f>
      <cx>4.5315263729141293</cx>
      <cy>-3.6405922619901219</cy>
    </calibration>
  </depth_map>
  <depth_map camera_id="8" level="2" path="2/d8.exr">
    <calibration type="frame">
      <resolution width="160" height="128"/>
      <f>62.443680513456997</f>
      <cx>2.2657631864570646</cx>
      <cy>-1.8202961309950609</cy>
    </calibration>
  </depth_map>
  <depth_map camera_id="9" level="0" path="0/d9.exr">
    <calibration type="frame">
      <resolution width="640" height="512"/>
      <f>249.77472205382799</f>
      <cx>9.0630527458282586</cx>
      <cy>-7.2811845239802437</cy>
    </calibration>
  </depth_map>
  <depth_map camera_id="9" level="1" path="1/d9.exr">
    <calibration type="frame">
      <resolution width="320" height="256"/>
      <f>124.88736102691399</f>
      <cx>4.5315263729141293</cx>
      <cy>-3.6405922619901219</cy>
    </calibration>
  </depth_map>
  <depth_map camera_id="9" level="2" path="2/d9.exr">
    <calibration type="frame">
      <resolution width="160" height="128"/>
      <f>62.443680513456997</f>
      <cx>2.2657631864570646</cx>
      <cy>-1.8202961309950609</cy>
    </calibration>
  </depth_map>
  <depth_map camera_id="10" level="0" path="0/d10.exr">
    <calibration type="frame">
      <resolution width="640" height="512"/>
      <f>249.77472205382799</f>
      <cx>9.0630527458282586</cx>
      <cy>-7.2811845239802437</cy>
    </calibration>
  </depth_map>
  <depth_map camera_id="10" level="1" path="1/d10.exr">
    <calibration type="frame">
      <resolution width="320" height="256"/>
      <f>124.88736102691399</f>
      <cx>4.5315263729141293</cx>
      <cy>-3.6405922619901219</cy>
    </calibration>
  </depth_map>
  <depth_map camera_id="10" level="2" path="2/d10.exr">
    <calibration type="frame">
      <resolution width="160" height="128"/>
      <f>62.443680513456997</f>
      <cx>2.2657631864570646</cx>
      <cy>-1.8202961309950609</cy>
    </calibration>
  </depth_map>
  <depth_map camera_id="11" level="0" path="0/d11.exr">
    <calibration type="frame">
      <resolution width="640" height="512"/>
      <f>249.77472205382799</f>
      <cx>9.0630527458282586</cx>
      <cy>-7.2811845239802437</cy>
    </calibration>
  </depth_map>
  <depth_map camera_id="11" level="1" path="1/d11.exr">
    <calibration type="frame">
      <resolution width="320" height="256"/>
      <f>124.88736102691399</f>
      <cx>4.5315263729141293</cx>
      <cy>-3.6405922619901219</cy>
    </calibration>
  </depth_map>
  <depth_map camera_id="11" level="2" path="2/d11.exr">
    <calibration type="frame">
      <resolution width="160" height="128"/>
      <f>62.443680513456997</f>
      <cx>2.2657631864570646</cx>
      <cy>-1.8202961309950609</cy>
    </calibration>
  </depth_map>
  <depth_map camera_id="12" level="0" path="0/d12.exr">
    <calibration type="frame">
      <resolution width="640" height="512"/>
      <f>249.77472205382799</f>
      <cx>9.0630527458282586</cx>
      <cy>-7.2811845239802437</cy>
    </calibration>
  </depth_map>
  <depth_map camera_id="12" level="1" path="1/d12.exr">
    <calibration type="frame">
      <resolution width="320" height="256"/>
      <f>124.88736102691399</f>
      <cx>4.5315263729141293</cx>
      <cy>-3.6405922619901219</cy>
    </calibration>
  </depth_map>
  <depth_map camera_id="12" level="2" path="2/d12.exr">
    <calibration type="frame">
      <resolution width="160" height="128"/>
      <f>62.443680513456997</f>
      <cx>2.2657631864570646</cx>
      <cy>-1.8202961309950609</cy>
    </calibration>
  </depth_map>
  <depth_map camera_id="13" level="0" path="0/d13.exr">
    <calibration type="frame">
      <resolution width="640" height="512"/>
      <f>249.77472205382799</f>
      <cx>9.0630527458282586</cx>
      <cy>-7.2811845239802437</cy>
    </calibration>
  </depth_map>
  <depth_map camera_id="13" level="1" path="1/d13.exr">
    <calibration type="frame">
      <resolution width="320" height="256"/>
      <f>124.88736102691399</f>
      <cx>4.5315263729141293</cx>
      <cy>-3.6405922619901219</cy>
    </calibration>
  </depth_map>
  <depth_map camera_id="13" level="2" path="2/d13.exr">
    <calibration type="frame">
      <resolution width="160" height="128"/>
      <f>62.443680513456997</f>
      <cx>2.2657631864570646</cx>
      <cy>-1.8202961309950609</cy>
    </calibration>
  </depth_map>
  <depth_map camera_id="14" level="0" path="0/d14.exr">
    <calibration type="frame">
      <resolution width="640" height="512"/>
      <f>249.77472205382799</f>
      <cx>9.0630527458282586</cx>
      <cy>-7.2811845239802437</cy>
    </calibration>
  </depth_map>
  <depth_map camera_id="14" level="1" path="1/d14.exr">
    <calibration type="frame">
      <resolution width="320" height="256"/>
      <f>124.88736102691399</f>
      <cx>4.5315263729141293</cx>
      <cy>-3.6405922619901219</cy>
    </calibration>
  </depth_map>
  <depth_map camera_id="14" level="2" path="2/d14.exr">
    <calibration type="frame">
      <resolution width="160" height="128"/>
      <f>62.443680513456997</f>
      <cx>2.2657631864570646</cx>
      <cy>-1.8202961309950609</cy>
    </calibration>
  </depth_map>
  <depth_map camera_id="15" level="0" path="0/d15.exr">
    <calibration type="frame">
      <resolution width="640" height="512"/>
      <f>249.77472205382799</f>
      <cx>9.0630527458282586</cx>
      <cy>-7.2811845239802437</cy>
    </calibration>
  </depth_map>
  <depth_map camera_id="15" level="1" path="1/d15.exr">
    <calibration type="frame">
      <resolution width="320" height="256"/>
      <f>124.88736102691399</f>
      <cx>4.5315263729141293</cx>
      <cy>-3.6405922619901219</cy>
    </calibration>
  </depth_map>
  <depth_map camera_id="15" level="2" path="2/d15.exr">
    <calibration type="frame">
      <resolution width="160" height="128"/>
      <f>62.443680513456997</f>
      <cx>2.2657631864570646</cx>
      <cy>-1.8202961309950609</cy>
    </calibration>
  </depth_map>
  <depth_map camera_id="16" level="0" path="0/d16.exr">
    <calibration type="frame">
      <resolution width="640" height="512"/>
      <f>249.77472205382799</f>
      <cx>9.0630527458282586</cx>
      <cy>-7.2811845239802437</cy>
    </calibration>
  </depth_map>
  <depth_map camera_id="16" level="1" path="1/d16.exr">
    <calibration type="frame">
      <resolution width="320" height="256"/>
      <f>124.88736102691399</f>
      <cx>4.5315263729141293</cx>
      <cy>-3.6405922619901219</cy>
    </calibration>
  </depth_map>
  <depth_map camera_id="16" level="2" path="2/d16.exr">
    <calibration type="frame">
      <resolution width="160" height="128"/>
      <f>62.443680513456997</f>
      <cx>2.2657631864570646</cx>
      <cy>-1.8202961309950609</cy>
    </calibration>
  </depth_map>
  <depth_map camera_id="17" level="0" path="0/d17.exr">
    <calibration type="frame">
      <resolution width="640" height="512"/>
      <f>249.77472205382799</f>
      <cx>9.0630527458282586</cx>
      <cy>-7.2811845239802437</cy>
    </calibration>
  </depth_map>
  <depth_map camera_id="17" level="1" path="1/d17.exr">
    <calibration type="frame">
      <resolution width="320" height="256"/>
      <f>124.88736102691399</f>
      <cx>4.5315263729141293</cx>
      <cy>-3.6405922619901219</cy>
    </calibration>
  </depth_map>
  <depth_map camera_id="17" level="2" path="2/d17.exr">
    <calibration type="frame">
      <resolution width="160" height="128"/>
      <f>62.443680513456997</f>
      <cx>2.2657631864570646</cx>
      <cy>-1.8202961309950609</cy>
    </calibration>
  </depth_map>
  <depth_map camera_id="18" level="0" path="0/d18.exr">
    <calibration type="frame">
      <resolution width="640" height="512"/>
      <f>249.77472205382799</f>
      <cx>9.0630527458282586</cx>
      <cy>-7.2811845239802437</cy>
    </calibration>
  </depth_map>
  <depth_map camera_id="18" level="1" path="1/d18.exr">
    <calibration type="frame">
      <resolution width="320" height="256"/>
      <f>124.88736102691399</f>
      <cx>4.5315263729141293</cx>
      <cy>-3.6405922619901219</cy>
    </calibration>
  </depth_map>
  <depth_map camera_id="18" level="2" path="2/d18.exr">
    <calibration type="frame">
      <resolution width="160" height="128"/>
      <f>62.443680513456997</f>
      <cx>2.2657631864570646</cx>
      <cy>-1.8202961309950609</cy>
    </calibration>
  </depth_map>
  <depth_map camera_id="19" level="0" path="0/d19.exr">
    <calibration type="frame">
      <resolution width="640" height="512"/>
      <f>249.77472205382799</f>
      <cx>9.0630527458282586</cx>
      <cy>-7.2811845239802437</cy>
    </calibration>
  </depth_map>
  <depth_map camera_id="19" level="1" path="1/d19.exr">
    <calibration type="frame">
      <resolution width="320" height="256"/>
      <f>124.88736102691399</f>
      <cx>4.5315263729141293</cx>
      <cy>-3.6405922619901219</cy>
    </calibration>
  </depth_map>
  <depth_map camera_id="19" level="2" path="2/d19.exr">
    <calibration type="frame">
      <resolution width="160" height="128"/>
      <f>62.443680513456997</f>
      <cx>2.2657631864570646</cx>
      <cy>-1.8202961309950609</cy>
    </calibration>
  </depth_map>
</depth_maps>
