<?xml version="1.0" encoding="UTF-8"?>
<frame version="1.2.0">
  <cameras>
    <camera camera_id="0">
      <photo path="../../../1.jpg">
        <meta>
          <property name="File/ImageHeight" value="1024"/>
          <property name="File/ImageWidth" value="1280"/>
          <property name="System/FileModifyDate" value="2025:09:19 17:16:37"/>
          <property name="System/FileSize" value="230398"/>
        </meta>
      </photo>
    </camera>
    <camera camera_id="1">
      <photo path="../../../2.jpg">
        <meta>
          <property name="File/ImageHeight" value="1024"/>
          <property name="File/ImageWidth" value="1280"/>
          <property name="System/FileModifyDate" value="2025:09:19 17:18:37"/>
          <property name="System/FileSize" value="197714"/>
        </meta>
      </photo>
    </camera>
    <camera camera_id="2">
      <photo path="../../../3.jpg">
        <meta>
          <property name="File/ImageHeight" value="1024"/>
          <property name="File/ImageWidth" value="1280"/>
          <property name="System/FileModifyDate" value="2025:09:19 17:21:28"/>
          <property name="System/FileSize" value="236817"/>
        </meta>
      </photo>
    </camera>
    <camera camera_id="3">
      <photo path="../../../4.jpg">
        <meta>
          <property name="File/ImageHeight" value="1024"/>
          <property name="File/ImageWidth" value="1280"/>
          <property name="System/FileModifyDate" value="2025:09:19 17:22:49"/>
          <property name="System/FileSize" value="235560"/>
        </meta>
      </photo>
    </camera>
    <camera camera_id="4">
      <photo path="../../../5.jpg">
        <meta>
          <property name="File/ImageHeight" value="1024"/>
          <property name="File/ImageWidth" value="1280"/>
          <property name="System/FileModifyDate" value="2025:09:19 17:23:50"/>
          <property name="System/FileSize" value="239890"/>
        </meta>
      </photo>
    </camera>
    <camera camera_id="5">
      <photo path="../../../6.jpg">
        <meta>
          <property name="File/ImageHeight" value="1024"/>
          <property name="File/ImageWidth" value="1280"/>
          <property name="System/FileModifyDate" value="2025:09:19 17:25:04"/>
          <property name="System/FileSize" value="239124"/>
        </meta>
      </photo>
    </camera>
    <camera camera_id="6">
      <photo path="../../../7.jpg">
        <meta>
          <property name="File/ImageHeight" value="1024"/>
          <property name="File/ImageWidth" value="1280"/>
          <property name="System/FileModifyDate" value="2025:09:19 17:26:05"/>
          <property name="System/FileSize" value="235728"/>
        </meta>
      </photo>
    </camera>
    <camera camera_id="7">
      <photo path="../../../8.jpg">
        <meta>
          <property name="File/ImageHeight" value="1024"/>
          <property name="File/ImageWidth" value="1280"/>
          <property name="System/FileModifyDate" value="2025:09:19 17:27:40"/>
          <property name="System/FileSize" value="240538"/>
        </meta>
      </photo>
    </camera>
    <camera camera_id="8">
      <photo path="../../../9.jpg">
        <meta>
          <property name="File/ImageHeight" value="1024"/>
          <property name="File/ImageWidth" value="1280"/>
          <property name="System/FileModifyDate" value="2025:09:19 17:29:03"/>
          <property name="System/FileSize" value="242282"/>
        </meta>
      </photo>
    </camera>
    <camera camera_id="9">
      <photo path="../../../10.jpg">
        <meta>
          <property name="File/ImageHeight" value="1024"/>
          <property name="File/ImageWidth" value="1280"/>
          <property name="System/FileModifyDate" value="2025:09:19 17:30:03"/>
          <property name="System/FileSize" value="233543"/>
        </meta>
      </photo>
    </camera>
    <camera camera_id="10">
      <photo path="../../../11.jpg">
        <meta>
          <property name="File/ImageHeight" value="1024"/>
          <property name="File/ImageWidth" value="1280"/>
          <property name="System/FileModifyDate" value="2025:09:19 17:31:14"/>
          <property name="System/FileSize" value="232642"/>
        </meta>
      </photo>
    </camera>
    <camera camera_id="11">
      <photo path="../../../12.jpg">
        <meta>
          <property name="File/ImageHeight" value="1024"/>
          <property name="File/ImageWidth" value="1280"/>
          <property name="System/FileModifyDate" value="2025:09:19 17:32:46"/>
          <property name="System/FileSize" value="242828"/>
        </meta>
      </photo>
    </camera>
    <camera camera_id="12">
      <photo path="../../../13.jpg">
        <meta>
          <property name="File/ImageHeight" value="1024"/>
          <property name="File/ImageWidth" value="1280"/>
          <property name="System/FileModifyDate" value="2025:09:19 17:35:54"/>
          <property name="System/FileSize" value="298864"/>
        </meta>
      </photo>
    </camera>
    <camera camera_id="13">
      <photo path="../../../14.jpg">
        <meta>
          <property name="File/ImageHeight" value="1024"/>
          <property name="File/ImageWidth" value="1280"/>
          <property name="System/FileModifyDate" value="2025:09:19 17:39:13"/>
          <property name="System/FileSize" value="237152"/>
        </meta>
      </photo>
    </camera>
    <camera camera_id="14">
      <photo path="../../../15.jpg">
        <meta>
          <property name="File/ImageHeight" value="1024"/>
          <property name="File/ImageWidth" value="1280"/>
          <property name="System/FileModifyDate" value="2025:09:19 17:40:22"/>
          <property name="System/FileSize" value="249001"/>
        </meta>
      </photo>
    </camera>
    <camera camera_id="15">
      <photo path="../../../16.jpg">
        <meta>
          <property name="File/ImageHeight" value="1024"/>
          <property name="File/ImageWidth" value="1280"/>
          <property name="System/FileModifyDate" value="2025:09:19 17:42:50"/>
          <property name="System/FileSize" value="244460"/>
        </meta>
      </photo>
    </camera>
    <camera camera_id="16">
      <photo path="../../../17.jpg">
        <meta>
          <property name="File/ImageHeight" value="1024"/>
          <property name="File/ImageWidth" value="1280"/>
          <property name="System/FileModifyDate" value="2025:09:19 17:44:31"/>
          <property name="System/FileSize" value="249148"/>
        </meta>
      </photo>
    </camera>
    <camera camera_id="17">
      <photo path="../../../18.jpg">
        <meta>
          <property name="File/ImageHeight" value="1024"/>
          <property name="File/ImageWidth" value="1280"/>
          <property name="System/FileModifyDate" value="2025:09:19 17:46:30"/>
          <property name="System/FileSize" value="247515"/>
        </meta>
      </photo>
    </camera>
    <camera camera_id="18">
      <photo path="../../../19.jpg">
        <meta>
          <property name="File/ImageHeight" value="1024"/>
          <property name="File/ImageWidth" value="1280"/>
          <property name="System/FileModifyDate" value="2025:09:19 17:50:25"/>
          <property name="System/FileSize" value="249609"/>
        </meta>
      </photo>
    </camera>
    <camera camera_id="19">
      <photo path="../../../20.jpg">
        <meta>
          <property name="File/ImageHeight" value="1024"/>
          <property name="File/ImageWidth" value="1280"/>
          <property name="System/FileModifyDate" value="2025:09:19 17:51:54"/>
          <property name="System/FileSize" value="253752"/>
        </meta>
      </photo>
    </camera>
  </cameras>
  <thumbnails path="thumbnails/thumbnails.zip"/>
  <point_cloud path="point_cloud/point_cloud.zip"/>
  <depth_maps id="0" path="depth_maps/depth_maps.zip"/>
  <dense_cloud id="0" path="dense_cloud/dense_cloud.zip"/>
  <model id="0" path="model/model.zip"/>
</frame>
